name,city,catalogue_link,contact
Mobile World,Bengaluru,https://web.whatsapp.com/catalog/919916515577,9916515577
Mobbify,Bengaluru,https://web.whatsapp.com/catalog/918431444049,8431444049
Phones Captain,Bengaluru,https://web.whatsapp.com/catalog/919916169636,9916169636
Mobilex,Bengaluru,https://web.whatsapp.com/catalog/919845683839,9845683839
iConnect,Bengaluru,https://web.whatsapp.com/catalog/917676826265,7676826265
Trendzity Mobiles,Coimbatore,https://web.whatsapp.com/catalog/917448496156,7448496156
Mobile Planet,Bengaluru,https://web.whatsapp.com/catalog/917022544141,7022544141
iCluster Technologies,Bengaluru,https://web.whatsapp.com/catalog/919741020891,9741020891
Budli.in,Bengaluru,https://web.whatsapp.com/catalog/919686370242,9686370242
Gadgets Club,Bengaluru,https://web.whatsapp.com/catalog/918951085616,8951085616
Mr Gadgets,Bengaluru,https://web.whatsapp.com/catalog/917619313405,"6360628774
8792857471
7899501831
7619313405"
Red Zone Mobiles,Coimbatore,https://web.whatsapp.com/catalog/919092249225,"9092249225
7092249225
9080920310
8870885310"
Sharacart,Bengaluru,https://web.whatsapp.com/catalog/918075417274,8075417274
Star Mobiles Pvt Ltd,Chennai,https://web.whatsapp.com/catalog/917010334025,"7010334025
6262622625
8428421030
8667501706
9600447147
7448575314"
Dream City,Chennai,https://web.whatsapp.com/catalog/919003005666,"9003005777
9003005666"
Dream City,Chennai,https://web.whatsapp.com/catalog/919003005777,"9003005777
9003005666"
mobilestop hangerz,Chennai,https://web.whatsapp.com/catalog/919841476808,9841476808
MOBILE BAZAAR,Chennai,https://web.whatsapp.com/catalog/919080343156,"9042010701
9080343156
8838905938
6369855211"
MOBILE BAZAAR,Chennai,https://web.whatsapp.com/catalog/918838905938,"9042010701
9080343156
8838905938
6369855211"
MOBILE BAZAAR,Chennai,https://web.whatsapp.com/catalog/916369855211,"9042010701
9080343156
8838905938
6369855211"
Mofia,Chennai,https://web.whatsapp.com/catalog/918248574959,8248574959
123 Mobiles,Hyderabad,https://web.whatsapp.com/catalog/919921994694,9921994694
MasterMobile India,Hyderabad,https://web.whatsapp.com/catalog/918555044534,8555044534
Ten Digit Mobile,Coimbatore,https://web.whatsapp.com/catalog/919842210987,"Gandhipuram-8111000713
8111000723
9842994429
Singanallur -9952294994
Tirupur -8111000362
8111000372"
Ten Digit Mobile,Coimbatore,https://web.whatsapp.com/catalog/919952274474,"Gandhipuram-8111000713
8111000723
9842994429
Singanallur -9952294994
Tirupur -8111000362
8111000372"
Mobile Magic,Coimbatore,https://web.whatsapp.com/catalog/919787111638,9787111399
Mobile Magic,Coimbatore,https://web.whatsapp.com/catalog/919087111639,9787111399
Mobile Magic,Coimbatore,https://web.whatsapp.com/catalog/919787111399,9787111399
i2 MOBILES,Coimbatore,https://web.whatsapp.com/catalog/919080776469,"7200145925
9080776469
9940154924"
Rinu Mobiles,Coimbatore,https://web.whatsapp.com/catalog/919363059944,"8111000748
9092208585
9363059944"
Rinu Mobiles,Coimbatore,https://web.whatsapp.com/catalog/918111000748,"8111000748
9092208585
9363059944"
Vikash Enterprises,Chennai,https://web.whatsapp.com/catalog/918870266533,"8870266533
9043933250
04435550595"
Vikash Enterprises,Chennai,https://web.whatsapp.com/catalog/917358562992,"8870266533
9043933250
04435550595"
isquare garage,Chennai,https://web.whatsapp.com/catalog/919791137413,"9791137413
9787178311"
Al Mobile Hub,Chennai,https://web.whatsapp.com/catalog/918838650752,8838650752
O2 Mobiles,Coimbatore,https://web.whatsapp.com/catalog/919952274474,"8111000713
8111000723
9842210987
9952274474
9842994429"
O2 Mobiles,Coimbatore,https://web.whatsapp.com/catalog/919842210987,"8111000713
8111000723
9842210987
9952274474
9842994429"
Airking Mobiles,Coimbatore,https://web.whatsapp.com/catalog/919787665654,"9787665654
9787665832
9787665837"
Get Mobiles,Coimbatore,https://web.whatsapp.com/catalog/917358907591,7358907591
Sky Mobiles,Coimbatore,https://web.whatsapp.com/catalog/917667668484,"7667668484
9600261167
9500811300"
Safezone mobiles,Coimbatore,https://web.whatsapp.com/catalog/917867066595,"7867066595
9043344778"
MOBILE ZONE,Coimbatore,https://web.whatsapp.com/catalog/919677621854,"9677621854
7200690805
9150080805"
MOBILE ZONE,Coimbatore,https://web.whatsapp.com/catalog/917200690805,"9677621854
7200690805
9150080805"
X2 MOBILES,Coimbatore,https://web.whatsapp.com/catalog/919894245444,"9894245444
8428222202
9994444147"
live zone Mobiles,Coimbatore,https://web.whatsapp.com/catalog/919361374190,"9361374190
8807125851"
iPlace,Coimbatore,https://web.whatsapp.com/catalog/919994555548,9994555548
T- Mobiles,Coimbatore/ Palakkad,https://web.whatsapp.com/catalog/919894203334,"9751703334
9962683334
9597283334
9037743052 Palakkad Kerala
Annamalai raja 9894203334
Ibrahim - 9042047546
office number- 9944183334"
T- Mobiles,Coimbatore/ Palakkad,https://web.whatsapp.com/catalog/919944183334,"9751703334
9962683334
9597283334
9037743052 Palakkad Kerala
Annamalai raja 9894203334
Ibrahim - 9042047546
office number- 9944183334"
Get Electronics,Bengaluru,https://web.whatsapp.com/catalog/919036241004,"9036281005
9036241004"
Star Zone Mobiles,Coimbatore,https://web.whatsapp.com/catalog/919344207639,"9361454865
9344207639"
Gumcha Mobiles,Coimbatore,https://web.whatsapp.com/catalog/919994751197,9994751197
WE STORE,Kochi/Kozhikode/Koyilandy/Thrissur,https://web.whatsapp.com/catalog/919037722433,"Kochi:9037722433
9745779988
Kozhikode:9037661123
9037722422
Koyilandy:7356354434
Thrissur:8590000163"
NEXUS COMMUNICATION,Kochi,https://web.whatsapp.com/catalog/917711822228,"7711822228
9895544464"
DR FONE,Kochi,https://web.whatsapp.com/catalog/919544886210,"9544886210
9037635489"
DR FONE,Kochi,https://web.whatsapp.com/catalog/919037635489,"9544886210
9037635489"
ICLOUD MOBILE,Kozhikode,https://web.whatsapp.com/catalog/917592859859,"Calicut Nadakkave : 9072359859
Medical College : 7592859859
Ashokapuram Service : 9072859859
7592822322"
FAST PHONE,Ernakulam,https://web.whatsapp.com/catalog/918281335363,"8281335363
9497605767"
AJ Connect,Angamaly,https://web.whatsapp.com/catalog/917025036363,"7025036363
7736777621
7025030363"
The Phone Shop,Thiruvananthapuram,https://web.whatsapp.com/catalog/918129892444,8129892444
Phonedipo,Delhi,https://web.whatsapp.com/catalog/917303625679,7303625679 